feature,coefficient,abs_coefficient
Gr Liv Area,16408.7658771054,16408.7658771054
Roof Matl_ClyTile,-13996.104109127418,13996.104109127418
2nd Flr SF,13783.169972365817,13783.169972365817
Misc Feature_Elev,-11142.62622215905,11142.62622215905
Year Built,10848.595043238067,10848.595043238067
Total Bsmt SF,10475.900516766493,10475.900516766493
Garage Yr Blt,9857.379113141596,9857.379113141596
BsmtFin SF 1,9224.54451225341,9224.54451225341
Overall Qual,8986.028148335437,8986.028148335437
Overall Cond,6648.243468490891,6648.243468490891
1st Flr SF,6278.034106223313,6278.034106223313
Lot Area,5634.86588504618,5634.86588504618
Kitchen Qual_Ex,5341.146111681161,5341.146111681161
Neighborhood_StoneBr,5206.450161081758,5206.450161081758
Neighborhood_NoRidge,4767.111834586296,4767.111834586296
Neighborhood_NridgHt,4397.015807516839,4397.015807516839
Garage Type_None,4136.326427945945,4136.326427945945
Garage Finish_None,3985.098266901518,3985.098266901518
Pool QC_Ex,3974.0711370889153,3974.0711370889153
Fireplaces,3826.0635040814304,3826.0635040814304
Exterior 1st_BrkFace,3693.331061280277,3693.331061280277
Garage Cars,3530.6386495890188,3530.6386495890188
BsmtFin Type 2_None,-3458.2332925608816,3458.2332925608816
Bsmt Qual_Ex,3311.678613372551,3311.678613372551
Order,3232.4225728384604,3232.4225728384604
Bsmt Exposure_Gd,3205.8509777219792,3205.8509777219792
Mas Vnr Area,3199.785706408448,3199.785706408448
Neighborhood_GrnHill,3127.7048389578863,3127.7048389578863
Exterior 2nd_VinylSd,3108.1908940142234,3108.1908940142234
Bedroom AbvGr,-3068.4043274425817,3068.4043274425817
Exter Qual_Ex,2994.274471830047,2994.274471830047
Roof Matl_WdShngl,2987.227158848301,2987.227158848301
Exterior 1st_VinylSd,-2957.409485232875,2957.409485232875
MS SubClass,-2924.93808224409,2924.93808224409
Sale Type_New,2712.867659037928,2712.867659037928
Garage Qual_Ex,2632.423705230128,2632.423705230128
Screen Porch,2620.846714193494,2620.846714193494
Neighborhood_Mitchel,-2546.1251995589423,2546.1251995589423
Land Slope_Sev,-2537.636070998663,2537.636070998663
Bldg Type_1Fam,2530.2369107608556,2530.2369107608556
Garage Cond_Ex,-2449.255345425389,2449.255345425389
Kitchen AbvGr,-2434.419732792965,2434.419732792965
Bldg Type_Twnhs,-2406.5874651347617,2406.5874651347617
Garage Area,2354.084526678919,2354.084526678919
Neighborhood_Somerst,2346.7438770415583,2346.7438770415583
Garage Qual_TA,-2242.213907897026,2242.213907897026
BsmtFin SF 2,2154.6315914813135,2154.6315914813135
Neighborhood_Edwards,-2045.765575271441,2045.765575271441
Yr Sold,1997.0854707919475,1997.0854707919475
Neighborhood_CollgCr,-1889.8728500038253,1889.8728500038253
Neighborhood_NAmes,-1875.8972263674873,1875.8972263674873
Bsmt Qual_Gd,-1843.2161162241837,1843.2161162241837
BsmtFin Type 1_None,1823.080449002606,1823.080449002606
Bsmt Qual_None,1823.0804490018768,1823.0804490018768
Bsmt Cond_None,1823.0804490014043,1823.0804490014043
Condition 1_Artery,-1811.5507475953373,1811.5507475953373
BsmtFin Type 2_GLQ,1797.6495983062634,1797.6495983062634
MS Zoning_RM,-1789.3452214132358,1789.3452214132358
Neighborhood_NPkVill,1771.3629954342173,1771.3629954342173
Bsmt Exposure_No,-1766.002109743005,1766.002109743005
Neighborhood_BrDale,1712.4593593312934,1712.4593593312934
Garage Cond_TA,-1704.0930880943017,1704.0930880943017
Functional_Sal,-1701.3524829007342,1701.3524829007342
Mas Vnr Type_CBlock,-1680.3202237875032,1680.3202237875032
Pool QC_Gd,1679.6441305984229,1679.6441305984229
Sale Type_WD ,-1678.6107194239423,1678.6107194239423
Garage Qual_Fa,-1613.7380970001957,1613.7380970001957
Functional_Typ,1611.7537960334694,1611.7537960334694
Neighborhood_NWAmes,-1603.9112866304374,1603.9112866304374
Functional_Maj1,-1564.2925215226737,1564.2925215226737
Wood Deck SF,1555.07712929426,1555.07712929426
PID,1550.944376270362,1550.944376270362
Sale Condition_Abnorml,-1523.691261055561,1523.691261055561
House Style_2Story,-1517.2474412983643,1517.2474412983643
House Style_1Story,1498.7553096477266,1498.7553096477266
Exterior 2nd_BrkFace,-1469.0810699768424,1469.0810699768424
Bsmt Cond_Po,1464.712410768761,1464.712410768761
Neighborhood_Crawfor,1449.1957018269334,1449.1957018269334
Kitchen Qual_TA,-1425.6996237453677,1425.6996237453677
Roof Matl_Membran,1400.125031266906,1400.125031266906
Neighborhood_Timber,-1363.0662682194193,1363.0662682194193
Bldg Type_TwnhsE,-1349.960290579674,1349.960290579674
Garage Cond_Fa,-1342.885794732275,1342.885794732275
BsmtFin Type 1_LwQ,-1326.0765342483717,1326.0765342483717
BsmtFin Type 1_Rec,-1320.0191522725086,1320.0191522725086
Condition 1_Norm,1306.4951241263022,1306.4951241263022
Garage Finish_RFn,-1304.192165658091,1304.192165658091
Fireplace Qu_None,1288.3986072993553,1288.3986072993553
Bldg Type_Duplex,-1261.4111250532953,1261.4111250532953
Full Bath,1260.0053217565123,1260.0053217565123
Bsmt Exposure_Mn,-1258.7732370917142,1258.7732370917142
Functional_Mod,-1208.7345642053704,1208.7345642053704
Garage Type_Attchd,-1207.607358638484,1207.607358638484
Exterior 2nd_Wd Sdng,-1201.6689835084615,1201.6689835084615
MS Zoning_C (all),-1192.413585002278,1192.413585002278
BsmtFin Type 1_GLQ,1188.0642189006414,1188.0642189006414
Exterior 1st_CemntBd,1182.310397585967,1182.310397585967
Exterior 1st_MetalSd,1180.2917976801148,1180.2917976801148
Neighborhood_SawyerW,-1165.2259523846656,1165.2259523846656
Exterior 2nd_Stone,-1149.2823915633292,1149.2823915633292
Land Contour_HLS,1144.8276484202079,1144.8276484202079
Sale Condition_Alloca,1120.662017234367,1120.662017234367
Sale Condition_Normal,1120.1545756210414,1120.1545756210414
Land Contour_Low,-1110.7263042924562,1110.7263042924562
Sale Type_Con,1108.6717958304737,1108.6717958304737
MS Zoning_FV,1099.6699379747163,1099.6699379747163
BsmtFin Type 2_ALQ,1093.0375116825765,1093.0375116825765
Year Remod/Add,1077.972611149444,1077.972611149444
Functional_Sev,-1066.727828424076,1066.727828424076
Condition 1_PosN,1061.905703825806,1061.905703825806
MS Zoning_RL,1047.1351798882715,1047.1351798882715
Sale Type_COD,-1042.5740556144428,1042.5740556144428
MS Zoning_I (all),1035.4567892339255,1035.4567892339255
Condition 2_PosA,1021.6287094371297,1021.6287094371297
House Style_1.5Fin,-1020.1587958334791,1020.1587958334791
Neighborhood_OldTown,-1016.5339952961907,1016.5339952961907
Garage Type_2Types,-1013.5121294285772,1013.5121294285772
Roof Style_Mansard,-1008.7789827437374,1008.7789827437374
Neighborhood_Gilbert,-1007.8299554476449,1007.8299554476449
Neighborhood_BrkSide,997.0777370154437,997.0777370154437
Roof Matl_Metal,987.6800749884477,987.6800749884477
Exterior 2nd_AsbShng,-972.644100723606,972.644100723606
Fireplace Qu_TA,-971.5217192108514,971.5217192108514
Heating_Wall,969.8648803537519,969.8648803537519
Mas Vnr Type_BrkFace,-963.4228973195726,963.4228973195726
Foundation_Stone,955.9384033126237,955.9384033126237
House Style_2.5Fin,-948.2578079403976,948.2578079403976
Lot Config_CulDSac,940.4249703999142,940.4249703999142
Misc Feature_Othr,932.2205501270502,932.2205501270502
BsmtFin Type 2_Unf,929.0697036601923,929.0697036601923
Kitchen Qual_Gd,-928.652077222123,928.652077222123
Kitchen Qual_Fa,-908.9613608695593,908.9613608695593
Condition 1_Feedr,-895.0903844856009,895.0903844856009
Bsmt Exposure_Av,890.5431119798307,890.5431119798307
Exterior 1st_Wd Sdng,885.8820289262093,885.8820289262093
Heating QC_Ex,875.1164555671422,875.1164555671422
Roof Style_Shed,870.9184058422951,870.9184058422951
Mas Vnr Type_Stone,862.0795619757445,862.0795619757445
Land Slope_Mod,856.4682922121992,856.4682922121992
Garage Cond_Gd,-852.6694683118953,852.6694683118953
Garage Qual_Gd,825.6413527849866,825.6413527849866
Foundation_CBlock,-812.2761505760118,812.2761505760118
Exter Qual_TA,-807.8031783357236,807.8031783357236
Pool QC_Fa,793.3177523924725,793.3177523924725
Heating QC_TA,-772.0574717416148,772.0574717416148
Exterior 2nd_Plywood,-755.1572762555521,755.1572762555521
Street_Pave,753.7731052966245,753.7731052966245
Street_Grvl,-753.7731052944038,753.7731052944038
Condition 2_RRAe,-749.8699224429747,749.8699224429747
Neighborhood_Greens,741.2863686885285,741.2863686885285
House Style_SFoyer,739.5559581707498,739.5559581707498
Neighborhood_SWISU,-730.413488628663,730.413488628663
Pool Area,-726.984261548156,726.984261548156
Neighborhood_ClearCr,-726.6575687236258,726.6575687236258
Bsmt Cond_TA,-725.7030437564939,725.7030437564939
Heating_OthW,-720.8364994321613,720.8364994321613
Foundation_Wood,-719.0661961062104,719.0661961062104
Pool QC_TA,715.1967686131381,715.1967686131381
Exterior 2nd_HdBoard,-709.2321741439158,709.2321741439158
MS Zoning_RH,704.6423998214461,704.6423998214461
House Style_SLvl,699.8273514144538,699.8273514144538
Fence_GdPrv,-654.8371619044322,654.8371619044322
Exterior 2nd_AsphShn,649.9301939802236,649.9301939802236
Lot Shape_IR2,645.0808989678114,645.0808989678114
BsmtFin Type 1_BLQ,-639.7536677369727,639.7536677369727
Bsmt Qual_TA,-634.1165706735188,634.1165706735188
Foundation_PConc,626.8658707644846,626.8658707644846
Condition 2_Feedr,-611.0338779692191,611.0338779692191
Functional_Maj2,-605.7574238565545,605.7574238565545
BsmtFin Type 1_ALQ,-602.4762014725789,602.4762014725789
Electrical_Mix,-599.2060686716227,599.2060686716227
Utilities_NoSewr,-599.2010542375889,599.2010542375889
Fireplace Qu_Fa,-598.8951362738853,598.8951362738853
BsmtFin Type 1_Unf,594.9683981110302,594.9683981110302
Garage Qual_Po,-591.2737599222589,591.2737599222589
Sale Condition_AdjLand,589.9593479853809,589.9593479853809
Exterior 1st_PreCast,589.2825645002692,589.2825645002692
Exterior 2nd_PreCast,589.2825645000169,589.2825645000169
Mas Vnr Type_None,584.4027678216688,584.4027678216688
Exterior 1st_HdBoard,-576.2254466819993,576.2254466819993
Half Bath,575.0632092691318,575.0632092691318
Heating_Grav,-572.4140289630026,572.4140289630026
Exterior 1st_BrkComm,567.3296507867797,567.3296507867797
Neighborhood_Blmngtn,566.8988595554994,566.8988595554994
Bsmt Cond_Gd,-565.9050169128975,565.9050169128975
Fence_MnPrv,565.4342225688362,565.4342225688362
Lot Frontage,565.1574195253514,565.1574195253514
Low Qual Fin SF,-562.5403949377442,562.5403949377442
Exter Cond_Fa,-561.2654667402257,561.2654667402257
Roof Style_Flat,-560.6800461799518,560.6800461799518
Fireplace Qu_Gd,-545.9367970276522,545.9367970276522
Utilities_AllPub,540.6123691363039,540.6123691363039
Exterior 2nd_MetalSd,-536.6408640804848,536.6408640804848
Bldg Type_2fmCon,532.9685296761871,532.9685296761871
Fireplace Qu_Ex,529.5050455209529,529.5050455209529
Exterior 2nd_Brk Cmn,-528.3422522868779,528.3422522868779
Exter Qual_Fa,516.1353780924941,516.1353780924941
Sale Condition_Partial,-505.30200925977925,505.30200925977925
House Style_1.5Unf,503.0213068899602,503.0213068899602
Neighborhood_Blueste,498.7399799970504,498.7399799970504
Garage Cond_Po,-497.8761288642863,497.8761288642863
Garage Type_Detchd,-484.6703065703322,484.6703065703322
Exter Qual_Gd,-456.8955704687104,456.8955704687104
Exter Cond_TA,424.47514058284656,424.47514058284656
Bsmt Full Bath,417.9179770582477,417.9179770582477
Exterior 1st_ImStucc,-411.6603649350601,411.6603649350601
Mas Vnr Type_BrkCmn,-401.7271422650329,401.7271422650329
Neighborhood_Veenker,-389.4674407510374,389.4674407510374
Neighborhood_MeadowV,-388.767332325015,388.767332325015
Neighborhood_Sawyer,-386.11424588364343,386.11424588364343
Fence_GdWo,381.83755780531123,381.83755780531123
Condition 1_RRNn,-381.4152475012825,381.4152475012825
Exterior 2nd_ImStucc,358.01762712013107,358.01762712013107
Bsmt Cond_Ex,-357.635873069139,357.635873069139
MS Zoning_A (agr),356.77941530386323,356.77941530386323
Sale Type_ConLI,-354.44267544002076,354.44267544002076
Bsmt Exposure_None,-353.94732489604036,353.94732489604036
3Ssn Porch,351.63013970583813,351.63013970583813
Lot Shape_IR3,-351.3157209607014,351.3157209607014
Condition 2_Norm,350.83470445098527,350.83470445098527
Exterior 1st_AsbShng,346.78575674652654,346.78575674652654
Land Contour_Bnk,-346.38210313201535,346.38210313201535
Garage Finish_Unf,-340.1908494270618,340.1908494270618
Roof Matl_WdShake,330.30820989039586,330.30820989039586
Lot Config_FR2,-314.4948514291638,314.4948514291638
Garage Finish_Fin,-307.6229062278976,307.6229062278976
Functional_Min1,-301.9091523475423,301.9091523475423
Sale Condition_Family,-297.0223228411946,297.0223228411946
Bsmt Half Bath,-294.64724763220056,294.64724763220056
Heating QC_Fa,-287.83166399217185,287.83166399217185
Sale Type_CWD,283.41000237710836,283.41000237710836
Exterior 1st_Plywood,-277.9908721806468,277.9908721806468
BsmtFin Type 2_Rec,-276.0391732333496,276.0391732333496
Lot Config_Corner,-272.258568665618,272.258568665618
Roof Matl_CompShg,269.98912758420903,269.98912758420903
Lot Shape_IR1,-269.02704247998366,269.02704247998366
Bsmt Qual_Po,262.87273448728945,262.87273448728945
Condition 1_RRAe,-262.5847695949782,262.5847695949782
Exterior 2nd_Wd Shng,-261.0914834656543,261.0914834656543
Exter Cond_Ex,-257.9305951803776,257.9305951803776
Exterior 2nd_CmentBd,-257.23659904727225,257.23659904727225
Exterior 1st_AsphShn,-254.22913424385453,254.22913424385453
Heating QC_Po,-247.87487926501475,247.87487926501475
Garage Type_CarPort,-243.85959521622462,243.85959521622462
Condition 2_Artery,-233.3151763530682,233.3151763530682
Paved Drive_P,-230.3704179632183,230.3704179632183
Exterior 1st_Stucco,220.25524079367938,220.25524079367938
Exterior 2nd_Stucco,219.9342091282709,219.9342091282709
Foundation_BrkTil,213.06075360393555,213.06075360393555
BsmtFin Type 2_LwQ,-212.74561710710694,212.74561710710694
Condition 1_RRNe,-210.42179763772253,210.42179763772253
Sale Type_VWD,-207.95441219655086,207.95441219655086
Roof Matl_Roll,205.75364691519087,205.75364691519087
Electrical_FuseP,204.07569279039348,204.07569279039348
Condition 2_RRNn,198.4382053156326,198.4382053156326
Exterior 1st_Stone,193.87654346036328,193.87654346036328
Alley_Pave,-186.04914217067443,186.04914217067443
Roof Matl_Tar&Grv,185.60755949773426,185.60755949773426
Exterior 2nd_CBlock,-181.48741398157145,181.48741398157145
Bsmt Qual_Fa,168.78793568804343,168.78793568804343
Lot Config_FR3,-168.35418744184437,168.35418744184437
Mo Sold,-167.51710969225985,167.51710969225985
Roof Style_Gable,166.50629240730197,166.50629240730197
Neighborhood_Landmrk,-165.51517070943197,165.51517070943197
Fence_MnWw,-151.40492175394846,151.40492175394846
Exterior 1st_WdShing,-147.7200944465293,147.7200944465293
Paved Drive_N,147.35029004162345,147.35029004162345
Exter Cond_Gd,-143.93451487123974,143.93451487123974
Fireplace Qu_Po,141.78377427181266,141.78377427181266
BsmtFin Type 2_BLQ,-136.648916932936,136.648916932936
Misc Val,133.55214470684666,133.55214470684666
Sale Type_ConLD,-132.35562571662703,132.35562571662703
TotRms AbvGrd,129.91908583662797,129.91908583662797
Misc Feature_Shed,129.8504110750446,129.8504110750446
Condition 2_PosN,-128.85013568237315,128.85013568237315
Heating_GasA,127.22019512667197,127.22019512667197
Roof Style_Gambrel,-125.51635796715956,125.51635796715956
Lot Config_Inside,-124.24514667226765,124.24514667226765
Condition 1_PosA,120.34714510653237,120.34714510653237
Lot Shape_Reg,118.7075826069041,118.7075826069041
Alley_Grvl,118.48116126709687,118.48116126709687
Electrical_FuseF,-114.86536888805072,114.86536888805072
Central Air_Y,-110.28001749150373,110.28001749150373
Central Air_N,110.28001748451125,110.28001748451125
Enclosed Porch,-100.90382111840957,100.90382111840957
Misc Feature_Gar2,96.29974087751184,96.29974087751184
Land Slope_Gtl,95.89652350901522,95.89652350901522
Sale Type_Oth,-95.04820894009198,95.04820894009198
Bsmt Unf SF,91.00066198319888,91.00066198319888
Utilities_NoSeWa,-88.7509582894482,88.7509582894482
Heating QC_Gd,-76.01307615166372,76.01307615166372
Electrical_SBrkr,75.00577729343834,75.00577729343834
Exterior 1st_CBlock,62.82514999082743,62.82514999082743
Open Porch SF,-62.75258926451707,62.75258926451707
Condition 2_RRAn,59.00101796906539,59.00101796906539
Foundation_Slab,-51.64334963083879,51.64334963083879
Functional_Min2,-51.37321037735904,51.37321037735904
Garage Type_Basment,50.108181211424366,50.108181211424366
Heating_GasW,-40.03031965851121,40.03031965851121
Roof Style_Hip,35.72601473432905,35.72601473432905
Sale Type_ConLw,-25.16123194963571,25.16123194963571
Neighborhood_IDOTRR,-24.81270902964036,24.81270902964036
Alley_None,23.30458095791826,23.30458095791826
Garage Type_BuiltIn,-22.700894527114087,22.700894527114087
Electrical_FuseA,-22.1613834150011,22.1613834150011
Exter Cond_Po,-20.28756934806574,20.28756934806574
Bsmt Cond_Fa,-13.92798084815789,13.92798084815789
Paved Drive_Y,-11.910197580749795,11.910197580749795
Land Contour_Lvl,-9.694654618470935,9.694654618470935
Condition 1_RRAn,-7.623809294981977,7.623809294981977
House Style_2.5Unf,-5.840916627876821,5.840916627876821
Heating_Floor,4.339490185738494,4.339490185738494
Exterior 2nd_Other,0.0,0.0
Misc Feature_TenC,0.0,0.0
Electrical_None,0.0,0.0
Kitchen Qual_Po,0.0,0.0
